--Tao CSDL QUANLYBANHANG
create database QLBH
--Bai tap 1, phan I, cau 1, trang 3
create table KHACHHANG
(
	MAKH char(4) not null,
	HOTEN varchar(40),
	DCHI varchar(50),
	SODT varchar(20),
	NGSINH smalldatetime,
	NGDK smalldatetime,
	DOANHSO money
)

create table NHANVIEN
(
	MANV char(4) not null,
	HOTEN varchar(40),
	SODT varchar(20),
	NGVL smalldatetime
)

create table SANPHAM
(
	MASP char(4) not null,
	TENSP varchar(40),
	DVT varchar(20),
	NUOCSX varchar(40),
	GIA money
)

create table HOADON
(
	SOHD int not null,
	NGHD smalldatetime,
	MAKH char(4),
	MANV char(4),
	TRIGIA money
)

create table CTHD
(
	SOHD int not null,
	MASP char(4) not null,
	SL int
)

alter table KHACHHANG add constraint PK_KH primary key (MAKH)
alter table NHANVIEN add constraint PK_NV primary key (MANV)
alter table SANPHAM add constraint PK_SP primary key (MASP)
alter table HOADON add constraint PK_HD primary key (SOHD)
alter table CTHD add constraint PK_CTHD primary key (SOHD, MASP)

alter table HOADON add constraint FK_HD_KH foreign key (MAKH) references KHACHHANG(MAKH),
constraint FK_HD_NV foreign key (MANV) references NHANVIEN(MANV)

alter table CTHD add constraint FK_CTHD_HD foreign key (SOHD) references HOADON(SOHD),
constraint FK_CTHD_SP foreign key (MASP) references SANPHAM(MASP)

--Bai tap 1, phan I, cau 2, trang 3
alter table SANPHAM add GHICHU varchar(20)

--Bai tap 1, phan I, cau 3, trang 3
alter table KHACHHANG add LOAIKH tinyint

--Bai tap 1, phan I, cau 4, trang 3
alter table SANPHAM alter column GHICHU varchar(100)

--Bai tap 1, phan I, cau 5, trang 3
alter table SANPHAM drop column GHICHU

--Bai tap 1, phan I, cau 6, trang 3
alter table KHACHHANG alter column LOAIKH varchar(40)

--Bai tap 1, phan I, cau 7, trang 3
alter table SANPHAM add constraint CK_DVT check (DVT in ('cay', 'hop', 'cai', 'quyen', 'chuc'))

--Bai tap 1, phan I, cau 8, trang 3
alter table SANPHAM add constraint CK_GIA check (GIA >= 500)

--Bai tap 1, phan I, cau 9, trang 3
alter table CTHD add constraint CK_SL check (SL>=1)

--Bai tap 1, phan I, cau 10, trang 3
alter table KHACHHANG add constraint CK_NGDK check (NGDK>NGSINH)


--Nhap du lieu cho co so du lieu quan ly ban hang, Bai tap 1, phan II, cau 1, trang 4

SET DATEFORMAT DMY
-- Nhap du lieu cho KHACHHANG
INSERT INTO KHACHHANG(MAKH, HOTEN, DCHI, SODT, NGSINH, NGDK, DOANHSO) VALUES('KH01','Nguyen Van A','731 Tran Hung Dao, Q5, TpHCM','08823451','22/10/1960','23/07/2006',13060000)
INSERT INTO KHACHHANG(MAKH, HOTEN, DCHI, SODT, NGSINH, NGDK, DOANHSO) VALUES('KH02','Tran Ngoc Han','23/5 Nguyen Trai, Q5, TpHCM','0908256478','3/4/1974','30/07/2006',280000),
('KH03','Tran Ngoc Linh','45 Nguyen Canh Chan, Q1, TpHCM','0938776266','12/6/1980','05/08/2006',3860000)
INSERT INTO KHACHHANG(MAKH, HOTEN, DCHI, SODT, NGSINH, NGDK, DOANHSO) VALUES('KH04','Tran Minh Long','50/34 Le Dai Hanh, Q10, TpHCM','0917325476','9/3/1965','02/10/2006',250000),
('KH05','Le Nhat Minh','34 Truong Dinh, Q3, TpHCM','08246108','10/3/1950','28/10/2006',21000),
('KH06','Le Hoai Thuong','227 Nguyen Van Cu, Q5, TpHCM','08631738','31/12/1981','24/11/2006',915000),
('KH07','Nguyen Van Tam','32/3 Tran Binh Trong, Q5, TpHCM','0916783565','6/4/1971','01/12/2006',12500),
('KH08','Phan Thi Thanh','45/2 An Duong Vuong Q5, TpHCM','0938435756','10/1/1971','13/12/2006',365000),
('KH09','Le Ha Vinh','873 Le Hong Phong, Q5, TpHCM','08654763','3/9/1979','14/01/2007',70000),
('KH10','Ha Duy Lap','34/34B Nguyen Trai, Q1, TpHCM','08768904','2/5/1983','16/01/2007',67500)



--Nhap du lieu cho NHANVIEN

INSERT INTO NHANVIEN VALUES('NV01','Nguyen Nhu Nhut','0927345678','13/04/2006')
INSERT INTO NHANVIEN VALUES('NV02','Le Thi Phi Yen','0987567390','21/04/2006')
INSERT INTO NHANVIEN VALUES('NV03','Nguyen Van B','0997047382','27/4/2006')
INSERT INTO NHANVIEN VALUES('NV04','Ngo Thanh Tuan','0913758498','24/6/2006')
INSERT INTO NHANVIEN VALUES('NV05','Nguyen Thi Truc Thanh','0918590387','20/7/2006')

--Nhap du lieu cho SANPHAM
INSERT INTO SANPHAM VALUES('BC01','But chi','cay','Singapore',3000)
INSERT INTO SANPHAM VALUES('BC02','But chi','cay','Singapore',5000)
INSERT INTO SANPHAM VALUES('BC03','But chi','cay','Viet Nam',3500)
INSERT INTO SANPHAM VALUES('BC04','But chi','hop','Viet Nam',30000)
INSERT INTO SANPHAM VALUES('BB01','But bi','cay','Viet Nam',5000)
INSERT INTO SANPHAM VALUES('BB02','But bi','cay','Trung Quoc',7000)
INSERT INTO SANPHAM VALUES('BB03','But bi','hop','Thai Lan',100000)
INSERT INTO SANPHAM VALUES('TV01','Tap 100 giay mong','quyen','Trung Quoc',2500)
INSERT INTO SANPHAM VALUES('TV02','Tap 200 giay mong','quyen','Trung Quoc',4500)
INSERT INTO SANPHAM VALUES('TV03','Tap 100 giay tot','quyen','Viet Nam',3000)
INSERT INTO SANPHAM VALUES('TV04','Tap 200 giay tot','quyen','Viet Nam',5500)
INSERT INTO SANPHAM VALUES('TV05','Tap 100 trang','chuc','Viet Nam',23000)
INSERT INTO SANPHAM VALUES('TV06','Tap 200 trang','chuc','Viet Nam',53000)
INSERT INTO SANPHAM VALUES('TV07','Tap 100 trang','chuc','Trung Quoc',34000)
INSERT INTO SANPHAM VALUES('ST01','So tay 500 trang','quyen','Trung Quoc',40000)
INSERT INTO SANPHAM VALUES('ST02','So tay loai 1','quyen','Viet Nam',55000)
INSERT INTO SANPHAM VALUES('ST03','So tay loai 2','quyen','Viet Nam',51000)
INSERT INTO SANPHAM VALUES('ST04','So tay','quyen','Thai Lan',55000)
INSERT INTO SANPHAM VALUES('ST05','So tay mong','quyen','Thai Lan',20000)
INSERT INTO SANPHAM VALUES('ST06','Phan viet bang','hop','Viet Nam',5000)
INSERT INTO SANPHAM VALUES('ST07','Phan khong bui','hop','Viet Nam',7000)
INSERT INTO SANPHAM VALUES('ST08','Bong bang','cai','Viet Nam',1000)
INSERT INTO SANPHAM VALUES('ST09','But long','cay','Viet Nam',5000)
INSERT INTO SANPHAM VALUES('ST10','But long','cay','Trung Quoc',7000)

--Nhap du lieu cho HOADON
INSERT INTO HOADON VALUES(1001,'23/07/2006','KH01','NV01',320000)
INSERT INTO HOADON VALUES(1002,'12/08/2006','KH01','NV02',840000)
INSERT INTO HOADON VALUES(1003,'23/08/2006','KH02','NV01',100000)
INSERT INTO HOADON VALUES(1004,'01/09/2006','KH02','NV01',180000)
INSERT INTO HOADON VALUES(1005,'20/10/2006','KH01','NV02',3800000)
INSERT INTO HOADON VALUES(1006,'16/10/2006','KH01','NV03',2430000)
INSERT INTO HOADON VALUES(1007,'28/10/2006','KH03','NV03',510000)
INSERT INTO HOADON VALUES(1008,'28/10/2006','KH01','NV03',440000)
INSERT INTO HOADON VALUES(1009,'28/10/2006','KH03','NV04',200000)
INSERT INTO HOADON VALUES(1010,'01/11/2006','KH01','NV01',5200000)
INSERT INTO HOADON VALUES(1011,'04/11/2006','KH04','NV03',250000)
INSERT INTO HOADON VALUES(1012,'30/11/2006','KH05','NV03',21000)
INSERT INTO HOADON VALUES(1013,'12/12/2006','KH06','NV01',5000)
INSERT INTO HOADON VALUES(1014,'31/12/2006','KH03','NV02',3150000)
INSERT INTO HOADON VALUES(1015,'01/01/2007','KH06','NV01',910000)
INSERT INTO HOADON VALUES(1016,'01/01/2007','KH07','NV02',12500)
INSERT INTO HOADON VALUES(1017,'02/01/2007','KH08','NV03',35000)
INSERT INTO HOADON VALUES(1018,'13/01/2007','KH08','NV03',330000)
INSERT INTO HOADON VALUES(1019,'13/01/2007','KH01','NV03',30000)
INSERT INTO HOADON VALUES(1020,'14/01/2007','KH09','NV04',70000)
INSERT INTO HOADON VALUES(1021,'16/01/2007','KH10','NV03',67500)
INSERT INTO HOADON VALUES(1022,'16/01/2007',Null,'NV03',7000)
INSERT INTO HOADON VALUES(1023,'17/01/2007',Null,'NV01',330000)

--Nhap du lieu cho CTHD
INSERT INTO CTHD VALUES(1001,'TV02',10)
INSERT INTO CTHD VALUES(1001,'ST01',5)
INSERT INTO CTHD VALUES(1001,'BC01',5)
INSERT INTO CTHD VALUES(1001,'BC02',10)
INSERT INTO CTHD VALUES(1001,'ST08',10)
INSERT INTO CTHD VALUES(1002,'BC04',20)
INSERT INTO CTHD VALUES(1002,'BB01',20)
INSERT INTO CTHD VALUES(1002,'BB02',20)
INSERT INTO CTHD VALUES(1003,'BB03',10)
INSERT INTO CTHD VALUES(1004,'TV01',20)
INSERT INTO CTHD VALUES(1004,'TV02',10)
INSERT INTO CTHD VALUES(1004,'TV03',10)
INSERT INTO CTHD VALUES(1004,'TV04',10)
INSERT INTO CTHD VALUES(1005,'TV05',50)
INSERT INTO CTHD VALUES(1005,'TV06',50)
INSERT INTO CTHD VALUES(1006,'TV07',20)
INSERT INTO CTHD VALUES(1006,'ST01',30)
INSERT INTO CTHD VALUES(1006,'ST02',10)
INSERT INTO CTHD VALUES(1007,'ST03',10)
INSERT INTO CTHD VALUES(1008,'ST04',8)
INSERT INTO CTHD VALUES(1009,'ST05',10)
INSERT INTO CTHD VALUES(1010,'TV07',50)
INSERT INTO CTHD VALUES(1010,'ST07',50)
INSERT INTO CTHD VALUES(1010,'ST08',100)
INSERT INTO CTHD VALUES(1010,'ST04',50)
INSERT INTO CTHD VALUES(1010,'TV03',100)
INSERT INTO CTHD VALUES(1011,'ST06',50)
INSERT INTO CTHD VALUES(1012,'ST07',3)
INSERT INTO CTHD VALUES(1013,'ST08',5)
INSERT INTO CTHD VALUES(1014,'BC02',80)
INSERT INTO CTHD VALUES(1014,'BB02',100)
INSERT INTO CTHD VALUES(1014,'BC04',60)
INSERT INTO CTHD VALUES(1014,'BB01',50)
INSERT INTO CTHD VALUES(1015,'BB02',30)
INSERT INTO CTHD VALUES(1015,'BB03',7)
INSERT INTO CTHD VALUES(1016,'TV01',5)
INSERT INTO CTHD VALUES(1017,'TV02',1)
INSERT INTO CTHD VALUES(1017,'TV03',1)
INSERT INTO CTHD VALUES(1017,'TV04',5)
INSERT INTO CTHD VALUES(1018,'ST04',6)
INSERT INTO CTHD VALUES(1019,'ST05',1)
INSERT INTO CTHD VALUES(1019,'ST06',2)
INSERT INTO CTHD VALUES(1020,'ST07',10)
INSERT INTO CTHD VALUES(1021,'ST08',5)
INSERT INTO CTHD VALUES(1021,'TV01',7)
INSERT INTO CTHD VALUES(1021,'TV02',10)
INSERT INTO CTHD VALUES(1022,'ST07',1)
INSERT INTO CTHD VALUES(1023,'ST04',6)

--Bai tap 1, phan II, cau 2, trang 4

--Tao quan he SANPHAM1
select * into SANPHAM1 from SANPHAM
--Tao quan he KHACHHANG1
select * into KHACHHANG1 from KHACHHANG

--Bai tap 1, phan II, cau 3, trang 4
update SANPHAM1 set GIA = GIA + GIA*0.05
where NUOCSX = 'Thai Lan'

--Bai tap 1, phan II, cau 4, trang 4
update SANPHAM1 set GIA = GIA - GIA*0.05
where NUOCSX = 'Trung Quoc' and GIA <= 10000

--Bai tap 1, phan II, cau 5, trang 4
update KHACHHANG1 set LOAIKH = 'Vip'
where (NGDK < '1/1/2007' and DOANHSO >= 10000000) or (NGDK >= '1/1/2007' and DOANHSO >= 2000000)


--Bai tap 1, phan III, cau 1, trang 4
select MASP, TENSP from SANPHAM
where NUOCSX = 'Trung Quoc'

--Bai tap 1, phan III, cau 2, trang 4
select MASP, TENSP from SANPHAM
where DVT = 'cay' or DVT = 'quyen'

--Bai tap 1, phan III, cau 3, trang 4
select MASP, TENSP from SANPHAM
where MASP like 'B_01'

--Bai tap 1, phan III, cau 4, trang 4
select MASP, TENSP from SANPHAM
where NUOCSX = 'Trung Quoc' and (GIA between 30000 and 40000)

--Bai tap 1, phan III, cau 5, trang 4
select MASP, TENSP from SANPHAM
where (NUOCSX = 'Trung Quoc' or NUOCSX = 'Thai Lan') and (GIA between 30000 and 40000)

--Bai tap 1, phan III, cau 6, trang 4
select SOHD, TRIGIA from HOADON 
where NGHD IN ('1/1/2007', '2/1/2007')

--Bai tap 1, phan III, cau 7, trang 4
select SOHD, TRIGIA from HOADON
where YEAR(NGHD) = 2007 and MONTH(NGHD) = 1
order by NGHD asc, TRIGIA desc

--Bai tap 1, phan III, cau 8, trang 4
select HD.MAKH, HOTEN from HOADON HD inner join KHACHHANG KH
on HD.MAKH = KH.MAKH
where NGHD = '1/1/2007'

--Bai tap 1, phan III, cau 9, trang 4
select HD.SOHD, TRIGIA from HOADON HD inner join NHANVIEN NV
on HD.MANV = NV.MANV
where HOTEN = 'Nguyen Van B' and NGHD = '28/10/2006'

--Bai tap 1, phan III, cau 10, trang 4
select SP.MASP, TENSP from CTHD CT inner join SANPHAM SP
on CT.MASP = SP.MASP
where SOHD in (
	select SOHD
	from HOADON HD inner join KHACHHANG KH
	on HD.MAKH = KH.MAKH
	where HOTEN = 'Nguyen Van A' and YEAR(NGHD) = 2006 and MONTH(NGHD) = 10
)

--Bai tap 1, phan III, cau 11, trang 4
select SOHD from CTHD 
where MASP = 'BB01' or MASP = 'BB02'
